ID,Slug,Name,Sector,Subsector,Province,Location,Stage,CapexCAD,CapexStatus,Buildability,BuildabilityCoverage,Confidence
005bcc94-3fdd-5c7a-b77d-9f47cad5f870,skyview-2-battery-energy-storage-system,Skyview 2 Battery Energy Storage System,Clean Energy & Grid,Energy Storage,ON,Edwardsburgh-Cardinal,ANNOUNCED,750000000,REPORTED,20.0,15.0,REPORTED
01306db2-3cc8-5773-a2c2-163948231601,lng-canada-load-interconnection-project,LNG Canada Load Interconnection Project,Energy & Fuels,Energy infrastructure,BC,Kitimat,CONSTRUCTION,82000000,REPORTED,95.0,15.0,REPORTED
01507d05-00cf-57e1-81b8-0c87122dd7a9,darlington-new-nuclear-project-unit-1,Darlington New Nuclear Project — Unit 1,Nuclear & Clean Power,Small Modular Reactor,ON,"Darlington site, Clarington",CONSTRUCTION,7700000000,REPORTED,96.3,40.0,SUPPORTED
02e952ac-30fd-5bdd-9ffa-17985fb90965,crown-mountain-coal-project,Crown Mountain Coal Project,Mining & Metals,Mining & mineral development,BC,Fernie,ANNOUNCED,561000000,REPORTED,20.0,15.0,REPORTED
04e4f0ba-028c-5b3f-9922-e4dfe7c59713,marathon-pgm-copper-mine,Marathon PGM Copper Mine,Mining & Metals,Mining & mineral development,ON,Marathon,ANNOUNCED,809000000,REPORTED,20.0,15.0,REPORTED
0806fbce-02d7-57f2-970d-395305cdf951,vulcan-solar-project,Vulcan Solar Project,Clean Energy & Grid,Solar,AB,Vulcan County,ANNOUNCED,155000000,REPORTED,20.0,15.0,REPORTED
09f7fc07-1392-565c-af9d-79b5808169e5,wm-sainte-sophie-landfill-rng-facility,WM Sainte-Sophie Landfill RNG Facility,Clean Energy & Grid,Bioenergy,QC,Saint-Sophie,ANNOUNCED,200000000,REPORTED,20.0,15.0,REPORTED
0a4a601c-6730-5a38-b000-7e2194654928,portage-area-capacity-enhancements,Portage Area Capacity Enhancements,Clean Energy & Grid,Hydro,MB,Portage la Prarie Area,CONSTRUCTION,84900000,REPORTED,95.0,15.0,REPORTED
0b642024-1b04-5137-989f-72da5477daab,complexe-canadian-malartic-odyssey-nord-et-sud,Complexe Canadian Malartic - Odyssey Nord et Sud,Mining & Metals,Mining & mineral development,QC,Malartic,CONSTRUCTION,1769200000,REPORTED,95.0,15.0,REPORTED
0d418f96-3e16-589e-b6ae-9af9f057703a,the-tugaske-project,The Tugaske Project,Mining & Metals,Mining & mineral development,SK,Vanguard area - 170 km SSE of Saskatoon,ANNOUNCED,352100000,REPORTED,20.0,15.0,REPORTED
0eaa429d-d1f5-514a-ae0f-83406d8bb19e,pine-point,Pine Point,Mining & Metals,Mining & mineral development,NT,"East of Hay River, South of Yellowknife",ANNOUNCED,653300000,REPORTED,20.0,15.0,REPORTED
0fd055d1-7528-54ba-80b2-26ab9b518412,new-polaris-gold-mine,New Polaris Gold Mine,Mining & Metals,Mining & mineral development,BC,Atlin,ANNOUNCED,143700000,REPORTED,20.0,15.0,REPORTED
1213e825-cf36-557d-95cf-9c5336004916,limestone-units-1-3-5-10-stator-re-wedge,Limestone Units 1-3 & 5-10 Stator Re-Wedge,Clean Energy & Grid,Hydro,MB,Nelson River,CONSTRUCTION,38600000,REPORTED,95.0,15.0,REPORTED
12ed5de3-38a9-50b5-a5ff-aad1cdb1bcea,river-valley-palladium,River Valley Palladium,Mining & Metals,Mining & mineral development,ON,30 km N of Warren,ANNOUNCED,268700000,REPORTED,20.0,15.0,REPORTED
1332203b-002f-5c28-98e4-82dd3f880b97,upper-beaver,Upper Beaver,Mining & Metals,Mining & mineral development,ON,Kirkland Lake,ANNOUNCED,900000000,REPORTED,20.0,15.0,REPORTED
14ab6ba7-f3f4-507a-9c28-26ae2b4d29ff,gething-coal-project,Gething Coal Project,Mining & Metals,Mining & mineral development,BC,Hudson Hope,ANNOUNCED,1360000000,REPORTED,20.0,15.0,REPORTED
153e3a12-cbaf-582f-b1dd-7ff7c5b0046a,syncrude-mildred-lake-extension-153e3a12cbaf,Syncrude Mildred Lake Extension,Energy & Fuels,Energy infrastructure,AB,Mildred Lake,CONSTRUCTION,3300000000,REPORTED,95.0,15.0,REPORTED
15915161-8f3e-5a77-9a22-9998c8505382,shaakichiuwaanaan,Shaakichiuwaanaan,Mining & Metals,Mining & mineral development,QC,Eeyou Istchee Baie-James,ANNOUNCED,1373500000,REPORTED,20.0,15.0,REPORTED
1602f9c4-15bd-54cc-aff2-c2c6b3ac4113,marban-project-prev-marban-alliance,Marban Project (prev. Marban Alliance),Mining & Metals,Mining & mineral development,QC,Val-d'Or,ANNOUNCED,435100000,REPORTED,20.0,15.0,REPORTED
17a48f6b-a793-5273-92ad-75fba2b38dca,biofuel-facility,Biofuel Facility,Clean Energy & Grid,Bioenergy,BC,Prince George,ANNOUNCED,70000000,REPORTED,20.0,15.0,REPORTED
1b60cad8-5c5f-53e5-860c-2e0f07c9deba,victoria-project,Victoria Project,Mining & Metals,Mining & mineral development,ON,Sudbury,CONSTRUCTION,1000000000,REPORTED,95.0,15.0,REPORTED
1b69523d-b2d0-5025-9bc9-1055174e2939,turnagain-project,Turnagain Project,Mining & Metals,Mining & mineral development,BC,Dease Lake Area,ANNOUNCED,2459100000,REPORTED,20.0,15.0,REPORTED
1b85ab1b-d361-5374-a5cf-1c15a5504556,darlington-refurbishment-project,Darlington Refurbishment Project,Nuclear & Clean Power,Nuclear,ON,Clarington,CONSTRUCTION,12800000000,REPORTED,95.0,15.0,REPORTED
1ba9a7ce-3a1a-5053-97d7-59ff1e924f77,kinskuch-hydroelectric-project,Kinskuch Hydroelectric Project,Clean Energy & Grid,Hydro,BC,Iskut,ANNOUNCED,300000000,REPORTED,20.0,15.0,REPORTED
1c8c422a-ff62-5aca-bd54-cd58bfb6cbbe,greenview-geothermal-power-plant-alberta-no-1,Greenview Geothermal Power Plant (Alberta No. 1),Clean Energy & Grid,Geothermal,AB,Greenview No. 16,ANNOUNCED,106000000,REPORTED,20.0,15.0,REPORTED
1d2737c7-e559-5e07-b914-0827635a18a9,log-creek-water-power-project,Log Creek Water Power  Project,Clean Energy & Grid,Hydro,BC,Boston Bar,ANNOUNCED,20000000,REPORTED,20.0,15.0,REPORTED
1d4a5c91-b3bf-5b27-a735-653a3968f0af,cariboo-gold-project,Cariboo Gold Project,Mining & Metals,Mining & mineral development,BC,Quesnel,ANNOUNCED,881000000,REPORTED,20.0,15.0,REPORTED
2021c554-0959-52b4-ab5f-cbae850b5beb,bruce-nuclear-refurbishment,Bruce Nuclear Refurbishment,Nuclear & Clean Power,Nuclear,ON,Tiverton,CONSTRUCTION,13000000000,REPORTED,95.0,15.0,REPORTED
20a08c41-e69f-57f4-9b58-0c7d0ba7ef8e,tilbury-phase-2-lng-expansion-project,Tilbury Phase 2 LNG expansion project,Energy & Fuels,Energy infrastructure,BC,Delta,ANNOUNCED,3000000000,REPORTED,20.0,15.0,REPORTED
20dcd189-e655-5294-ab86-ce5a66be7ed8,aries,Aries,Mining & Metals,Mining & mineral development,AB,87.7 km WSW of Rocky Mountain House,ANNOUNCED,593000000,REPORTED,20.0,15.0,REPORTED
227ace82-24e3-5d56-b275-f15f31018cb5,white-rose-expansion-white-rose-west,White Rose Expansion - White Rose West,Energy & Fuels,Energy infrastructure,NL,Offshore Newfoundland,CONSTRUCTION,3800000000,REPORTED,95.0,15.0,REPORTED
22f44df9-82e2-582a-90a7-5f0553befca7,airport-city-solar,Airport City Solar,Clean Energy & Grid,Solar,AB,Leduc County,ANNOUNCED,169000000,REPORTED,20.0,15.0,REPORTED
2361a9b5-1684-59ee-890d-d89fc8c58e02,detour-lake-open-pit-expansion-and-underground-development,Detour Lake open pit expansion and underground development,Mining & Metals,Mining & mineral development,ON,Detour Lake,CONSTRUCTION,731000000,REPORTED,95.0,15.0,REPORTED
23fb0345-e5ee-5a02-8973-57df46a93f15,rocktree-solar-project-fortis-stony-plain-434s-der-solar,Rocktree Solar Project (Fortis Stony Plain 434S DER Solar),Clean Energy & Grid,Solar,AB,Parkland County,ANNOUNCED,40000000,REPORTED,20.0,15.0,REPORTED
25cba8e4-6469-5d7d-a653-0e09653e6c6d,crawford,Crawford,Mining & Metals,Mining & mineral development,ON,40 km N of Timmins,ANNOUNCED,2835000000,REPORTED,20.0,15.0,REPORTED
26179d22-998c-5c5b-bd60-5a41aefe64ac,sisson-project,Sisson Project,Mining & Metals,Mining & mineral development,NB,Fredericton,ANNOUNCED,579000000,REPORTED,20.0,15.0,REPORTED
262feb07-3473-5045-8b5f-ae00426944cd,blackrod,Blackrod,Energy & Fuels,Energy infrastructure,AB,Regional Municipality of Wood Buffalo (RMWB) & Lac La Biche County,CONSTRUCTION,2927000000,REPORTED,95.0,15.0,REPORTED
2676cff7-63a8-5916-86fe-f15574c8afdc,tu-deh-kah-geothermal-development,Tu Deh Kah Geothermal Development,Clean Energy & Grid,Bioenergy,BC,Fort Nelson,ANNOUNCED,100000000,REPORTED,20.0,15.0,REPORTED
26ce3baf-4bbf-5a3e-835e-a5a76760aa4d,the-nova-tidal-array-petit-passage,The Nova Tidal Array (Petit Passage),Clean Energy & Grid,Tidal,NS,Petit Passage,CONSTRUCTION,22000000,REPORTED,95.0,15.0,REPORTED
282ca62a-6587-5f4f-9717-b1e65a11ce5d,naphtha-recovery-unit-tailings-treatment-project,Naphtha Recovery Unit Tailings Treatment Project,Energy & Fuels,Energy infrastructure,AB,Wood Buffalo,CONSTRUCTION,350000000,REPORTED,95.0,15.0,REPORTED
28457794-0460-5270-ac49-0eaa76ae8f8b,wynyard-potash-project,Wynyard Potash Project,Mining & Metals,Mining & mineral development,SK,Wynyard,ANNOUNCED,789000000,REPORTED,20.0,15.0,REPORTED
2861b433-93f1-5b2a-a7cd-f9c1258dc008,coffee-gold-mine,Coffee Gold Mine,Mining & Metals,Mining & mineral development,YT,"130km south of Dawson City, Yukon",ANNOUNCED,317000000,REPORTED,20.0,15.0,REPORTED
28f9c659-b62d-5335-84a9-e1e2134ad381,valentine-gold-mine,Valentine Gold Mine,Mining & Metals,Mining & mineral development,NL,"55 km SW of Millertown, NL",CONSTRUCTION,854000000,REPORTED,95.0,15.0,REPORTED
2abfa028-5bc3-5ae1-a973-6c5ed9ee7cef,troilus,Troilus,Mining & Metals,Mining & mineral development,QC,Eeyou Istchee Baie-James,ANNOUNCED,1074600000,REPORTED,20.0,15.0,REPORTED
2afe69f1-19f5-5364-be92-b883652a11c3,spruce-lake-east-lloyd,Spruce Lake East Lloyd,Energy & Fuels,Energy infrastructure,SK,Spruce Lake,CONSTRUCTION,350000000,REPORTED,95.0,15.0,REPORTED
2c6cd9fb-24c1-5a01-8277-9a3ced2039ad,vista-coal-project-vista-test-underground-mine-and-vista-mine-phase-ii-expansion-projects,Vista' Coal Project (Vista Test Underground Mine and Vista Mine Phase II Expansion Projects),Mining & Metals,Mining & mineral development,AB,Yellowhead County,ANNOUNCED,719000000,REPORTED,20.0,15.0,REPORTED
2dfbcb6b-a767-5ffc-adf7-11657dc8e20c,centrale-hydroelectrique-manouane-sipi-dam-b,Centrale hydroélectrique Manouane Sipi (Dam B),Clean Energy & Grid,Hydro,QC,La Tuque,ANNOUNCED,100000000,REPORTED,20.0,15.0,REPORTED
2ff59581-4b26-5d5d-848a-776607a70c87,aira-solar-project,Aira Solar Project,Clean Energy & Grid,Solar,AB,Forty Mile County No. 8,CONSTRUCTION,700000000,REPORTED,95.0,15.0,REPORTED
301e7636-45f0-5743-a456-eeae5cf73eda,torrefied-pellet-plant,Torrefied pellet plant,Forestry & Bioeconomy,Bioenergy,BC,Hazelton,CONSTRUCTION,50000000,REPORTED,95.0,15.0,REPORTED
318eb2d1-c429-5e6e-95ab-acd44453ace5,harmony-gold-mine,Harmony Gold Mine,Mining & Metals,Mining & mineral development,BC,Graham Island,ANNOUNCED,50000000,REPORTED,20.0,15.0,REPORTED
33ded977-e3db-57ef-91db-c3234363bb4e,usine-de-production-d-ethanol-cellulosique,Usine de production d'éthanol cellulosique,Clean Energy & Grid,Bioenergy,QC,Chaudière-Appalaches,ANNOUNCED,300000000,REPORTED,20.0,15.0,REPORTED
349ceaab-be11-52cf-9628-2d5f84775e02,s-d-solar-watson-lake,Sādę Solar Watson Lake,Clean Energy & Grid,Solar,YT,Watson Lake,CONSTRUCTION,30000000,REPORTED,95.0,15.0,REPORTED
35340dd4-62b3-5cbf-a937-b6879e03b476,line-creek-coal-mine-expansion,Line Creek Coal Mine Expansion,Mining & Metals,Mining & mineral development,BC,Sparwood,ANNOUNCED,140000000,REPORTED,20.0,15.0,REPORTED
3536306b-607e-5ab4-923f-b3fb4c3897a8,cheakamus-recoat-units-1-2-penstock-project,Cheakamus Recoat Units 1 & 2 Penstock Project,Clean Energy & Grid,Hydro,BC,Squamish,CONSTRUCTION,35000000,REPORTED,95.0,15.0,REPORTED
364bc181-ea38-5b6d-a23f-c0ff59654c7f,hammerdown-green-bay,Hammerdown (Green Bay),Mining & Metals,Mining & mineral development,NL,"King's Point, Green Bay",CONSTRUCTION,75000000,REPORTED,95.0,15.0,REPORTED
3a423d40-b32e-5d24-adae-645545a3b4b9,highland-valley-copper-2040-hvc-2040,Highland Valley Copper 2040 (HVC 2040),Mining & Metals,Mining & mineral development,BC,Logan Lake,ANNOUNCED,1100000000,REPORTED,20.0,15.0,REPORTED
3a694f0e-d31a-5173-9a6c-320ca3f27136,kruger-wayagamack-demonstration-ccus,Kruger Wayagamack - Demonstration CCUS,Forestry & Bioeconomy,Forest products,QC,Trois-Rivières,ANNOUNCED,24000000,REPORTED,20.0,15.0,REPORTED
3c9743f9-a4e5-5dd8-a916-9eae8c60b6c7,enterprise-solar-project,Enterprise Solar Project,Clean Energy & Grid,Solar,AB,Vulcan County,ANNOUNCED,175000000,REPORTED,20.0,15.0,REPORTED
3ceaef8d-6c6a-50e6-9bd6-52dbd13a4a21,ruddock-creek-zinc-lead-mine-development-project,Ruddock Creek Zinc-Lead Mine Development Project,Mining & Metals,Mining & mineral development,BC,Clearwater,ANNOUNCED,100000000,REPORTED,20.0,15.0,REPORTED
3f9f1e9e-70af-5cb3-8db5-090ef4b90ff4,marguerite-lake-compressed-air-energy-storage,Marguerite Lake Compressed Air Energy Storage,Clean Energy & Grid,Energy Storage,AB,Bonnyville No. 87,ANNOUNCED,500000000,REPORTED,20.0,15.0,REPORTED
41d06534-b63b-5f32-97d5-d09a306b817e,slave-falls-7-bay-sluiceway-concrete-res,Slave Falls 7 Bay Sluiceway Concrete Res,Clean Energy & Grid,Hydro,MB,Wpg River,CONSTRUCTION,84300000,REPORTED,95.0,15.0,REPORTED
42516906-c642-5f95-ab89-0f6aa5c9d9e8,district-energy-system,District Energy System,Forestry & Bioeconomy,Bioenergy,NS,New Glasgow,ANNOUNCED,175000000,REPORTED,20.0,15.0,REPORTED
426ccf5e-e264-5eb5-93d9-6682e11ceeaf,woodfibre-lng-project,Woodfibre LNG project,Energy & Fuels,Energy infrastructure,BC,Squamish,CONSTRUCTION,6880000000,REPORTED,95.0,15.0,REPORTED
4272b85f-b6e9-5d42-a84a-cf94d4ce21ee,forty-mile-solar-farm,Forty Mile Solar Farm,Clean Energy & Grid,Solar,AB,Forty Mile County No. 8,ANNOUNCED,400000000,REPORTED,20.0,15.0,REPORTED
44275fa8-23c0-5536-b666-c62127de264d,patterson-lake-south,Patterson Lake South,Mining & Metals,Mining & mineral development,SK,Athabasca Basin District,ANNOUNCED,1155000000,REPORTED,20.0,15.0,REPORTED
489487d8-40b5-59cc-98e9-8c3ac175a135,meager-creek-geothermal-project,Meager Creek Geothermal Project,Clean Energy & Grid,Geothermal,BC,Whistler,ANNOUNCED,100000000,REPORTED,20.0,15.0,REPORTED
48cf6832-aa8a-546a-913b-7e6e9dcad538,homestead-solar-project,Homestead Solar Project,Clean Energy & Grid,Solar,AB,Willow Creek No. 26,ANNOUNCED,600000000,REPORTED,20.0,15.0,REPORTED
491e11aa-9877-5a29-9c05-9f774dbc61a6,sunnynook-solar-project,Sunnynook Solar Project,Clean Energy & Grid,Solar,AB,Special Area No. 2,CONSTRUCTION,385000000,REPORTED,95.0,15.0,REPORTED
49557d52-4ea8-5fc3-8bbd-6a0c3a8fca7e,canyon-creek-hydro-power-project-storage,Canyon Creek Hydro Power Project (storage),Clean Energy & Grid,Hydro,AB,Yellowhead County,ANNOUNCED,200000000,REPORTED,20.0,15.0,REPORTED
49c01818-a593-536e-af1f-7275a295f05e,wheeler-river-gryphon,Wheeler River - Gryphon,Mining & Metals,Mining & mineral development,SK,270 km ENE of La Loche,ANNOUNCED,737000000,REPORTED,20.0,15.0,REPORTED
4c819bbc-d6fa-5fac-988d-a9a98698988c,carmacks-copper-project,Carmacks Copper Project,Mining & Metals,Mining & mineral development,YT,"220 km north of Whitehorse, Yukon",ANNOUNCED,220070000,REPORTED,20.0,15.0,REPORTED
4d236dd6-ffe9-5cb8-9f66-d4c4e2433176,shakespeare,Shakespeare,Mining & Metals,Mining & mineral development,ON,Sudbury (20 km NE of Massey),ANNOUNCED,232900000,REPORTED,20.0,15.0,REPORTED
4d7d47d5-ed72-584b-9977-ae1fd6904e06,usine-de-carburant-a-faible-intensite-carbone-inclut-un-electrolyseur,Usine de carburant à faible intensité carbone (inclut un électrolyseur),Energy & Fuels,Energy infrastructure,QC,Varennes,CONSTRUCTION,1490000000,REPORTED,95.0,15.0,REPORTED
4e87548e-d686-5025-8829-3d20852509ad,authier,Authier,Mining & Metals,Mining & mineral development,QC,La Motte,ANNOUNCED,74850000,REPORTED,20.0,15.0,REPORTED
4edd7484-d818-5d4f-9085-268579305e23,ridley-island-energy-export-facility-reef,Ridley Island Energy Export Facility (REEF),Energy & Fuels,Energy infrastructure,BC,Prince Rupert,ANNOUNCED,750000000,REPORTED,20.0,15.0,REPORTED
4fcfddf1-35ec-562d-9e94-d97d9a0a25ab,benjamin-mills-wind-project,Benjamin Mills Wind Project,Clean Energy & Grid,Wind,NS,"Dalmouth, Nova Scotia",CONSTRUCTION,68000000,REPORTED,95.0,15.0,REPORTED
52cb6081-1b39-53ed-8085-aa686522e36a,heidelberg-materials-carbon-capture-utilization-and-storage-hub,Heidelberg Materials Carbon Capture Utilization and Storage Hub,Clean Energy & Grid,Carbon Capture and Storage,AB,Edmonton,ANNOUNCED,1360000000,REPORTED,20.0,15.0,REPORTED
52f1553a-328a-5878-9d45-93cd62e65faa,jurassic-solar-and-battery-storage,Jurassic Solar and Battery Storage,Clean Energy & Grid,Solar,AB,Cypress County,CONSTRUCTION,500000000,REPORTED,95.0,15.0,REPORTED
5384a2be-d2d0-593f-9278-7d6a6198015b,syncrude-mildred-lake-extension,Syncrude (Mildred Lake Extension),Energy & Fuels,Energy infrastructure,AB,Regional Municipality of Wood Buffalo (RMWB),CONSTRUCTION,3300000000,REPORTED,95.0,15.0,REPORTED
54b4c5f4-8507-5b71-bee3-ccc9c30786f2,asphalt-shingle-reprocessing-facility,Asphalt Shingle Reprocessing Facility,Energy & Fuels,Energy infrastructure,AB,Rocky View County,CONSTRUCTION,15000000,REPORTED,95.0,15.0,REPORTED
54b9c099-75fa-5681-a537-0df7078f13e3,peace-river-arch-lithium-project,Peace River Arch Lithium Project,Mining & Metals,Mining & mineral development,AB,Northern Sunrise County,ANNOUNCED,400000000,REPORTED,20.0,15.0,REPORTED
557bc3d2-991f-5ae7-9928-756a065700d3,deep-fox-foxtrot,Deep Fox + Foxtrot,Mining & Metals,Mining & mineral development,NL,Port Hope Simpson,ANNOUNCED,421800000,REPORTED,20.0,15.0,REPORTED
5760a34e-eeac-553f-ba06-4005b2427027,peiec-wind-farm-5,PEIEC Wind Farm #5,Clean Energy & Grid,Wind,PE,Eastern Kings,CONSTRUCTION,80000000,REPORTED,95.0,15.0,REPORTED
57b1618a-239c-5372-b646-3b1c8bc8dbd7,york-battery-energy-storage-system,York – Battery Energy Storage System,Clean Energy & Grid,Energy Storage,ON,King,CONSTRUCTION,352000000,REPORTED,95.0,15.0,REPORTED
590a34de-1d79-5938-a2e2-eb6e8db19169,strange-lake-b-zone,Strange Lake / B-Zone,Mining & Metals,Mining & mineral development,QC,Rivière-Koksoak,ANNOUNCED,1631000000,REPORTED,20.0,15.0,REPORTED
5ce3a023-d7db-5b18-b936-a225ae91fb4d,wonder-valley-ai-data-centre-park-phase-1,Wonder Valley AI Data Centre Park (Phase 1),Energy & Fuels,Energy infrastructure,AB,Greenview No. 16,ANNOUNCED,16620000000,REPORTED,20.0,15.0,REPORTED
5d5a83b2-804d-5110-8d84-6c364f2d3a87,dauphin-vermillion-230kv-stn-capacity-in,Dauphin Vermillion 230kV Stn Capacity In,Clean Energy & Grid,Hydro,MB,Dauphin,CONSTRUCTION,21900000,REPORTED,95.0,15.0,REPORTED
5ec039c6-8498-58de-8027-44535b04c050,bassano-435s-der-solar,Bassano 435S DER Solar,Clean Energy & Grid,Solar,AB,Newell County,ANNOUNCED,15000000,REPORTED,20.0,15.0,REPORTED
61d14600-200b-5e61-9ec6-e6717402bd41,projet-galaxy-lithium,Projet Galaxy Lithium,Mining & Metals,Mining & mineral development,QC,Eeyou Istchee Baie-James,ANNOUNCED,508700000,REPORTED,20.0,15.0,REPORTED
62024f04-d4ab-53b2-9567-7c55ed38e753,mill-upgrade-62024f04d4ab,Mill upgrade,Forestry & Bioeconomy,Forest products,BC,Armstrong,ANNOUNCED,35000000,REPORTED,20.0,15.0,REPORTED
62ec8d4f-3874-5ee0-96f7-779d4c84b7ba,blackrock-mine,BlackRock - Mine,Mining & Metals,Mining & mineral development,QC,Eeyou Istchee Baie-James,ANNOUNCED,373000000,REPORTED,20.0,15.0,REPORTED
63200eb7-3f9b-556d-a356-cf2262ed1eda,eagle-s-nest-mcfaulds-lake,Eagle's Nest (McFaulds Lake),Mining & Metals,Mining & mineral development,ON,Webequie,ANNOUNCED,609000000,REPORTED,20.0,15.0,REPORTED
63e7a961-d4b6-5ad4-97f2-db964897f41b,fibre-pontiac-the-biomass-conversion-centre,Fibre Pontiac (The Biomass Conversion Centre),Clean Energy & Grid,Bioenergy,QC,Pontiac,ANNOUNCED,120000000,REPORTED,20.0,15.0,REPORTED
64c12a96-643e-5a8d-bd6a-1b890e6f3e8f,red-willow-wind-farm,Red Willow Wind Farm,Clean Energy & Grid,Wind,BC,Tumbler Ridge,ANNOUNCED,480000000,REPORTED,20.0,15.0,REPORTED
660259df-4ae4-589d-b0d0-4d2a92abd6af,lac-dore-vanadium,Lac Doré Vanadium,Mining & Metals,Mining & mineral development,QC,Eeyou Istchee Baie-James,ANNOUNCED,321000000,REPORTED,20.0,15.0,REPORTED
66bda531-9514-58d7-819e-da991e2207ce,nico-cobalt-gold-bismuth-mine,NICO Cobalt-Gold-Bismuth Mine,Mining & Metals,Mining & mineral development,NT,160 km Northwest of Yellowknife,ANNOUNCED,589000000,REPORTED,20.0,15.0,REPORTED
671d6696-5cd2-5e03-97a5-177171b39caf,saamis-solar-farm,Saamis Solar Farm,Clean Energy & Grid,Solar,AB,Medicine Hat,ANNOUNCED,120000000,REPORTED,20.0,15.0,REPORTED
6764ded8-3b06-59ca-82ed-20b70bf228ab,pathways-alliance-carbon-capture-storage-hub-phase-1,Pathways Alliance Carbon Capture Storage Hub (Phase 1),Clean Energy & Grid,Carbon Capture and Storage,AB,Improvement District No. 349|Wood Buffalo|Lac la Biche County|Improvement District No. 24 Wood Buffalo|Bonnyville No. 87,ANNOUNCED,16500000000,REPORTED,20.0,15.0,REPORTED
67daa9fb-7ef8-520b-a084-ecc41c51afc5,dumont-nickel,Dumont Nickel,Mining & Metals,Mining & mineral development,QC,Launay,ANNOUNCED,1357000000,REPORTED,20.0,15.0,REPORTED
694050aa-df78-5942-b92a-c3863321b3f3,red-chris-block-cave-expansion,Red Chris Block Cave Expansion,Mining & Metals,Mining & mineral development,BC,Dease Lake,ANNOUNCED,2632000000,REPORTED,20.0,15.0,REPORTED
6a375eda-b773-5e74-9b9b-c004a86b1673,hawkeye-green-energy-grid-project,Hawkeye Green Energy Grid Project,Clean Energy & Grid,Hydro,BC,Powell River,ANNOUNCED,450000000,REPORTED,20.0,15.0,REPORTED
6b02b949-de7d-5550-b6a6-c97361aee9ec,giscome-quarry-and-lime-plant-project,Giscome Quarry and Lime Plant Project,Mining & Metals,Mining & mineral development,BC,Prince George,ANNOUNCED,130000000,REPORTED,20.0,15.0,REPORTED
6b59ba26-89cd-503f-8132-b2ed996350c2,peace-river-site-c-hydro-electric-project,Peace River Site C Hydro-electric project,Clean Energy & Grid,Hydro,BC,Fort St. John,CONSTRUCTION,16000000000,REPORTED,95.0,15.0,REPORTED
6bb2ae0d-4c4e-5d23-ae39-cb5f2d423d3e,projet-de-valorisation-de-la-vapeur-de-l-incinerateur-pour-le-chu-de-quebec-universite-laval,Projet de valorisation de la vapeur de l'incinérateur pour le CHU de Québec - Université Laval,Energy & Fuels,Energy infrastructure,QC,Ville de Québec,ANNOUNCED,43800000,REPORTED,20.0,15.0,REPORTED
6bc88f68-bfdd-580a-9069-f1cc42c538e6,stobie,Stobie,Mining & Metals,Mining & mineral development,ON,"Sudbury, Blezard Township",CONSTRUCTION,205000000,REPORTED,95.0,15.0,REPORTED
6d8080f5-f787-5802-aa68-3082bd09a538,lac-a-paul-mine,Lac à Paul - Mine,Mining & Metals,Mining & mineral development,QC,Mont-Valin,ANNOUNCED,2092500000,REPORTED,20.0,15.0,REPORTED
6dd7bec9-08a2-52fb-a7b4-69c861b826cb,matawinie,Matawinie,Mining & Metals,Mining & mineral development,QC,Saint-Michel-des-Saints,ANNOUNCED,480800000,REPORTED,20.0,15.0,REPORTED
6de99008-4dc8-59b5-a880-df5cee747e7c,tristar-advanced-in-situ-upgrader,TriStar Advanced (In Situ + Upgrader),Energy & Fuels,Energy infrastructure,AB,Regional Municipality of Wood Buffalo (RMWB),ANNOUNCED,2000000000,REPORTED,20.0,15.0,REPORTED
6f5cf23a-5fd6-5c85-a3c6-b9afb525630a,snow-lake,Snow Lake,Mining & Metals,Mining & mineral development,MB,120 km E of Flin Flon,ANNOUNCED,81000000,REPORTED,20.0,15.0,REPORTED
70a9b614-3a2e-55c9-8c2f-2fd063343eb6,joyce-lake-dso-the-attikamagen-project,Joyce Lake DSO (the Attikamagen Project),Mining & Metals,Mining & mineral development,NL,Menihek,ANNOUNCED,270400000,REPORTED,20.0,15.0,REPORTED
70ee81b6-214d-5634-a0ed-795889779ab0,bissett-creek,Bissett Creek,Mining & Metals,Mining & mineral development,ON,Pembroke,ANNOUNCED,102000000,REPORTED,20.0,15.0,REPORTED
7120d712-520c-5c98-a195-f58b51272865,heartland-waste-to-power-project,Heartland Waste to Power Project,Clean Energy & Grid,Carbon Capture and Storage,AB,Strathcona County,ANNOUNCED,300000000,REPORTED,20.0,15.0,REPORTED
71799fa3-778a-5a03-be18-8c022e69f139,mica-600v-circuit-breaker-upgrades-project,Mica 600V Circuit Breaker Upgrades Project,Clean Energy & Grid,Hydro,BC,Revelstoke,CONSTRUCTION,32000000,REPORTED,95.0,15.0,REPORTED
723463bc-fe65-565a-a8a3-91f23c9ae9d9,almonte-bess-2,Almonte BESS 2,Clean Energy & Grid,Energy Storage,ON,Mississippi Mills,CONSTRUCTION,29000000,REPORTED,95.0,15.0,REPORTED
739210fb-ed12-59d9-9f2e-3f584c8a3a18,mica-modernize-controls-digital-project,Mica Modernize Controls (Digital) Project,Clean Energy & Grid,Hydro,BC,Revelstoke,CONSTRUCTION,56000000,REPORTED,95.0,15.0,REPORTED
7565b4fa-d438-55ad-9e37-62d9226ded55,great-bear,Great Bear,Mining & Metals,Mining & mineral development,ON,130 km NNW of Dryden,ANNOUNCED,1943200000,REPORTED,20.0,15.0,REPORTED
75c429d4-f75d-52ab-a4fd-f013bedeccee,saint-john-pulp-mill-upgrades,Saint John Pulp Mill Upgrades,Forestry & Bioeconomy,Forest products,NB,Saint John,ANNOUNCED,1100000000,REPORTED,20.0,15.0,REPORTED
764e1d0d-8137-5d85-8b97-a830881e5c48,titanium-and-zircon-extraction-facility,Titanium and Zircon Extraction Facility,Mining & Metals,Mining & mineral development,AB,Regional Municipality of Wood Buffalo,ANNOUNCED,400000000,REPORTED,20.0,15.0,REPORTED
78dca41a-4bab-503f-bef6-5eccc9716bf4,yellowhead-cooper-project,Yellowhead Cooper Project,Mining & Metals,Mining & mineral development,BC,Kamloops,ANNOUNCED,1985000000,REPORTED,20.0,15.0,REPORTED
7bdef9b2-6e49-5a17-bbfd-13cdb35f28bd,pe-na-koyim-wind-project,Pe-Na-Koyim Wind Project,Clean Energy & Grid,Wind,AB,Blood 148,ANNOUNCED,425000000,REPORTED,20.0,15.0,REPORTED
7c15727b-3e50-51a3-acf7-ffb70a868695,lower-wood-river-hydropower-project,Lower Wood River Hydropower Project,Clean Energy & Grid,Hydro,BC,Mica,ANNOUNCED,144000000,REPORTED,20.0,15.0,REPORTED
7cd596bc-37e6-54a3-9bc4-a420392938ee,tilbury-battery-storage,Tilbury Battery Storage,Clean Energy & Grid,Energy Storage,ON,Lakeshore,CONSTRUCTION,172000000,REPORTED,95.0,15.0,REPORTED
7cfc40d5-ab40-5809-9ace-42d8a6a31871,line-21-norman-wells-pipeline-segment-replacement-project,Line 21 (Norman Wells Pipeline) Segment Replacement Project,Energy & Fuels,Energy infrastructure,NT,Mackenzie River,ANNOUNCED,53000000,REPORTED,20.0,15.0,REPORTED
7d2c3b29-605e-57be-ad5c-2922bd42e6c7,fitzroy-south-march-bess,Fitzroy South March BESS,Clean Energy & Grid,Energy Storage,ON,Ottawa,ANNOUNCED,650000000,REPORTED,20.0,15.0,REPORTED
7d352217-e338-57e6-8624-72f2408c9ed3,covenant-energy-renewable-diesel-facility,Covenant Energy  Renewable Diesel Facility,Clean Energy & Grid,Bioenergy,SK,Lloydminster,ANNOUNCED,920000000,REPORTED,20.0,15.0,REPORTED
7d4c8503-b7bb-5261-bda7-35c7f88a07de,tempest-wind-power-project,Tempest Wind Power Project,Clean Energy & Grid,Wind,AB,Flagstaff County,ANNOUNCED,105000000,REPORTED,20.0,15.0,REPORTED
7e16889c-f836-56f0-8a62-d1c534ff0204,sustane-chester,Sustane Chester,Clean Energy & Grid,Bioenergy,NS,"Chester, NS",CONSTRUCTION,16000000,REPORTED,95.0,15.0,REPORTED
7eed214f-db29-5d1a-8891-e0fce404a2c1,summit-coal-mine-14,Summit Coal/Mine 14,Mining & Metals,Mining & mineral development,AB,Grande Cache,ANNOUNCED,114000000,REPORTED,20.0,15.0,REPORTED
812acbe7-9b4e-527d-a605-94a2811410f6,nes-wood-pellet-plant,NES Wood Pellet Plant,Forestry & Bioeconomy,Bioenergy,NB,Miramichi,ANNOUNCED,70000000,REPORTED,20.0,15.0,REPORTED
8144785d-d901-5acf-8ca7-4cd2f1a01955,strathcona-refinery-renewable-diesel-expansion,Strathcona Refinery Renewable Diesel Expansion,Clean Energy & Grid,Bioenergy,AB,Strathcona County,CONSTRUCTION,720000000,REPORTED,95.0,15.0,REPORTED
824a92e2-9c8c-5e8b-a04f-f37498cbfd33,wolverine-coal-mine-hermann-deposit,Wolverine Coal Mine (Hermann Deposit),Mining & Metals,Mining & mineral development,BC,Tumbler Ridge,ANNOUNCED,55000000,REPORTED,20.0,15.0,REPORTED
829400fd-01e9-5a2e-b86a-9d10c36be6f7,r-h-saunders-refurbishment,R.H. Saunders Refurbishment,Clean Energy & Grid,Hydro,ON,Cornwall,ANNOUNCED,600000000,REPORTED,20.0,15.0,REPORTED
843c9026-e0cf-5427-831b-1d984bc5aea8,novador,Novador,Mining & Metals,Mining & mineral development,QC,Val-d'Or,ANNOUNCED,602200000,REPORTED,20.0,15.0,REPORTED
84fd9218-e83e-5960-88b4-6fc70c535253,courageous-lake,Courageous Lake,Mining & Metals,Mining & mineral development,NT,230 km Northeast of Yellowknife,ANNOUNCED,1034599999,REPORTED,20.0,15.0,REPORTED
8502e442-9692-5318-800e-013272859ba4,clear-hills-project,Clear Hills Project,Mining & Metals,Mining & mineral development,AB,MD of Clear Hills,ANNOUNCED,300000000,REPORTED,20.0,15.0,REPORTED
85a7c6fb-18a0-57b4-a9a5-bfcf0ecd5337,creative-energy-plant,Creative Energy Plant,Clean Energy & Grid,Bioenergy,BC,Vancouver,CONSTRUCTION,100000000,REPORTED,95.0,15.0,REPORTED
86d7b308-e3ae-57e2-bea4-006e21ce43ed,weavers-mountain-wind-farm,Weavers Mountain Wind Farm,Clean Energy & Grid,Wind,NS,"Beaver Meadow, NS",CONSTRUCTION,225000000,REPORTED,95.0,15.0,REPORTED
8703f959-5c23-5433-a972-a7fbae86cb03,jansen,Jansen,Mining & Metals,Mining & mineral development,SK,Jansen,CONSTRUCTION,6650000000,REPORTED,95.0,15.0,REPORTED
879500a1-d765-5a59-9fc4-a60df9c89788,springpole-lake-gold-project,Springpole Lake Gold Project,Mining & Metals,Mining & mineral development,ON,Uchi Lake,ANNOUNCED,957700000,REPORTED,20.0,15.0,REPORTED
8820c06d-387a-5e73-bc47-e663648a9399,sepiko-kesik-project,Sepiko Kesik Project,Energy & Fuels,Energy infrastructure,AB,Municipal District of Opportunity,ANNOUNCED,3200000000,REPORTED,20.0,15.0,REPORTED
88259d27-df57-50b1-9fe0-5449847b4582,greenlight-electricity-centre,Greenlight Electricity Centre,Energy & Fuels,Energy infrastructure,AB,Sturgeon County,ANNOUNCED,4500000000,REPORTED,20.0,15.0,REPORTED
89683c77-3fde-5bfc-b2a7-909535ce18fb,eskay-creek-mine,Eskay Creek Mine,Mining & Metals,Mining & mineral development,BC,Stewart,ANNOUNCED,713000000,REPORTED,20.0,15.0,REPORTED
8c5a508f-0fd1-5138-bcdd-a63c67fe770d,windfall,Windfall,Mining & Metals,Mining & mineral development,QC,Eeyou Istchee Baie-James,ANNOUNCED,788600000,REPORTED,20.0,15.0,REPORTED
8dbba10c-52e5-5585-8d33-d2f76a014729,howse-property-direct-shipping-ore-mine,Howse Property Direct Shipping Ore Mine,Mining & Metals,Mining & mineral development,NL,Menihek,ANNOUNCED,100000000,REPORTED,20.0,15.0,REPORTED
8dbf4c83-27d8-5f4f-8167-984089c2912c,in-stream-tidal-demonstration-project,In-Stream Tidal Demonstration Project,Clean Energy & Grid,Tidal,NS,Bay of Fundy,ANNOUNCED,23300000,REPORTED,20.0,15.0,REPORTED
90327059-25b8-56c2-a167-dcee9b284d6a,west-cache,West Cache,Mining & Metals,Mining & mineral development,ON,15 km WSW of Timmins,ANNOUNCED,150000000,REPORTED,20.0,15.0,REPORTED
9132bb33-36b5-5a07-8c3d-f88d09dda967,peace-river-energy-project,Peace River Energy Project,Clean Energy & Grid,Solar,AB,Peace River,CONSTRUCTION,11000000,REPORTED,95.0,15.0,REPORTED
93a793e3-b2a2-5a07-bcff-bbddb6ec70dc,casino-mine,Casino Mine,Mining & Metals,Mining & mineral development,YT,150 km northwest of Carmacks and 300 km northwest from Whitehorse,ANNOUNCED,3617000000,REPORTED,20.0,15.0,REPORTED
93d1a935-3a08-5eb4-861e-5ebee8778897,ranney-falls-expansion,Ranney Falls Expansion,Energy & Fuels,Energy infrastructure,ON,Campbellford,CONSTRUCTION,77000000,REPORTED,95.0,15.0,REPORTED
94509df3-4c86-56a0-8d67-ed77b04d0527,wheeler-river-phoenix,Wheeler River - Phoenix,Mining & Metals,Mining & mineral development,SK,270 km ENE of La Loche,ANNOUNCED,419000000,REPORTED,20.0,15.0,REPORTED
9678bd01-1364-5333-a37c-833187172dcc,canadian-international-airports-global-investor-leasing-infrastructure-hubs,Canadian International Airports — Global Investor Leasing & Infrastructure Hubs,Transportation & Ports,Airport Commercial Ground Leases & Intermodal Logistics,ON,"Toronto Pearson (YYZ), Vancouver (YVR), Montréal-Trudeau (YUL)",ANNOUNCED,18000000000,REPORTED,10.0,30.0,SUPPORTED
96c60681-34d7-52ec-933c-f25e2e9c422e,cobalt-refinery-complex,Cobalt Refinery Complex,Mining & Metals,Mining & mineral development,ON,5 km E of Cobalt,CONSTRUCTION,77000000,REPORTED,95.0,15.0,REPORTED
98619dbe-1643-526c-9634-65601cd4d532,victoria-lake-hydro-project,Victoria Lake Hydro Project,Clean Energy & Grid,Hydro,BC,"Vancouver Island/Coast, Port Alice",ANNOUNCED,18000000,REPORTED,20.0,15.0,REPORTED
9967a7ec-4e5e-5ff2-b1b8-ba7c71a6394b,matawinie-usine-pilote-de-production-de-graphite-purifie,Matawinie - Usine pilote de production de graphite purifié,Mining & Metals,Mining & mineral development,QC,Bécancour,ANNOUNCED,1247900000,REPORTED,20.0,15.0,REPORTED
99d81f91-1286-5ab3-9655-8f3b7b31beac,fosthall-creek-hydropower-project,Fosthall Creek Hydropower Project,Clean Energy & Grid,Hydro,BC,Nakusp,ANNOUNCED,50000000,REPORTED,20.0,15.0,REPORTED
9a32bf68-c29b-5803-97ad-118cd8f6efd2,buffalo-trail-north-wind-project,Buffalo Trail North Wind Project,Clean Energy & Grid,Wind,AB,Cypress County,ANNOUNCED,200000000,REPORTED,20.0,15.0,REPORTED
9ad32c60-727d-5261-a8a3-54b7bc6756ca,implantation-de-mesures-de-reduction-des-emissions-de-ges-et-de-conversion-energetique,Implantation de mesures de réduction des émissions de GES et de conversion énergétique,Energy & Fuels,Energy infrastructure,QC,Salaberry-de-Valleyfield,ANNOUNCED,94000000,REPORTED,20.0,15.0,REPORTED
9b08441d-58df-5a66-abe2-3a65eb5387b1,long-spruce-generator-protection-replacement,Long Spruce Generator Protection Replacement,Clean Energy & Grid,Hydro,MB,Nelson River,CONSTRUCTION,22000000,REPORTED,95.0,15.0,REPORTED
9c4585ac-51e0-554b-a3ca-02902ac30351,kenney-dam-cold-water-release-facility,Kenney Dam Cold Water Release Facility,Energy & Fuels,Energy infrastructure,BC,Vanderhoof,ANNOUNCED,275000000,REPORTED,20.0,15.0,REPORTED
9cee227e-a79e-555b-ae81-2f6daa24eeca,ghost-river-watercharger-battery-energy-storage,Ghost River WaterCharger Battery Energy Storage,Clean Energy & Grid,Energy Storage,AB,Rocky View County,ANNOUNCED,208400000,REPORTED,20.0,15.0,REPORTED
9fc9e71d-a45d-553b-8406-af9230da651b,roughrider-project,Roughrider Project,Mining & Metals,Mining & mineral development,SK,North Point Landing,ANNOUNCED,755000000,REPORTED,20.0,15.0,REPORTED
a04ee8b8-00e0-5499-b940-b21d80cab84e,back-river-gold-project-goose,Back River Gold Project (Goose),Mining & Metals,Mining & mineral development,NU,Western Nunavut (Kitikmeot region); 110 km southwest of Bathurst Inlet,CONSTRUCTION,610000000,REPORTED,95.0,15.0,REPORTED
a07d914f-891d-58ae-8e53-bb17fd91673e,mcilvenna-bay,McIlvenna Bay,Mining & Metals,Mining & mineral development,SK,65 km W of Creighton,CONSTRUCTION,1082000000,REPORTED,95.0,15.0,REPORTED
a1eae0c1-de02-5eee-8969-c4dcc788bb8d,pointe-du-bois-renewable-energy-project,Pointe du Bois Renewable Energy Project,Clean Energy & Grid,Hydro,MB,Wpg River,CONSTRUCTION,308400000,REPORTED,95.0,15.0,REPORTED
a3323697-b857-5083-926d-8f81c2bbc9e1,sulphate-of-potash-production-upgrade,Sulphate of Potash production upgrade,Mining & Metals,Mining & mineral development,SK,Chaplin SK,CONSTRUCTION,300000000,REPORTED,95.0,15.0,REPORTED
a4c83003-02bb-5c5b-a4ed-6b5d4cde6d1c,kamistiatusset-kami,Kamistiatusset (Kami),Mining & Metals,Mining & mineral development,NL,Labrador West,ANNOUNCED,3864000000,REPORTED,20.0,15.0,REPORTED
a5b013fe-03f9-522e-95f4-9a5701d19217,alderson-solar-power-project,Alderson Solar Power Project,Clean Energy & Grid,Solar,AB,Cypress County,CONSTRUCTION,150000000,REPORTED,95.0,15.0,REPORTED
a6190299-31af-5bbe-8c34-29c2924008b5,new-nuclear-power-plant-darlington-small-modular-reactor-project,New Nuclear Power Plant - Darlington Small Modular Reactor Project,Nuclear & Clean Power,Nuclear,ON,Darlington,CONSTRUCTION,20900000000,REPORTED,95.0,15.0,REPORTED
a631874c-2f64-558c-8bdf-14d0b142530a,pickering-refubrishment-project,Pickering Refubrishment Project,Nuclear & Clean Power,Nuclear,ON,Pickering,ANNOUNCED,6200000000,REPORTED,20.0,15.0,REPORTED
a8034c73-8d08-53e7-a843-20bcaf2a5000,moblan,Moblan,Mining & Metals,Mining & mineral development,QC,Eeyou Istchee Baie-James,ANNOUNCED,962000000,REPORTED,20.0,15.0,REPORTED
a8aadd33-3346-54f8-8d37-71ce1660b7f3,lithium-hydroxide-refinery,Lithium Hydroxide Refinery,Mining & Metals,Mining & mineral development,ON,Red Rock,ANNOUNCED,1600000000,REPORTED,20.0,15.0,REPORTED
aa807796-ee6d-515b-932e-32456491168f,green-bay-copper-gold-project-formerly-ming-mine,Green Bay Copper-Gold Project (formerly Ming Mine),Mining & Metals,Mining & mineral development,NL,Baie Verte Peninsula,ANNOUNCED,320000000,REPORTED,20.0,15.0,REPORTED
aa9cc04a-3011-51bb-be33-62aa85f95ee8,sir-adam-beck-complex-refurbishment,Sir Adam Beck Complex Refurbishment,Clean Energy & Grid,Hydro,ON,Niagara Falls,ANNOUNCED,1000000000,REPORTED,20.0,15.0,REPORTED
ab7e2f7d-5866-5fa6-9732-4c2a49cd05bc,lorraine-jayjay-copper-mine,Lorraine-Jayjay Copper Mine,Mining & Metals,Mining & mineral development,BC,Prince George,ANNOUNCED,100000000,REPORTED,20.0,15.0,REPORTED
ab844b77-864e-5fd3-84ac-63920af8558b,oneida-energy-storage-project,Oneida Energy Storage Project,Clean Energy & Grid,Battery Energy Storage,ON,Haldimand County,OPERATING,,UNKNOWN,100.0,25.0,SUPPORTED
adf121d1-68a5-5847-8f0b-945913d71a24,mcclean-lake-uranium-mine-expansion,McClean Lake Uranium Mine Expansion,Mining & Metals,Mining & mineral development,SK,McClean Lake,CONSTRUCTION,300000000,REPORTED,95.0,15.0,REPORTED
ae7ee4d9-6e46-5647-9e7a-4b45029b5b0a,pike,Pike,Energy & Fuels,Energy infrastructure,AB,Regional Municipality of Wood Buffalo,ANNOUNCED,1900000000,REPORTED,20.0,15.0,REPORTED
ae965ff3-c854-5a6b-aa8f-e329d9ee5ac6,bay-du-nord-offshore-oil-project,Bay du Nord Offshore Oil Project,Energy & Fuels,Energy infrastructure,NL,Offshore Newfoundland,ANNOUNCED,16000000000,REPORTED,20.0,15.0,REPORTED
af12a13a-2022-504a-9309-432a46c49730,pellet-plant,Pellet Plant,Forestry & Bioeconomy,Bioenergy,BC,Fort Nelson,ANNOUNCED,29000000,REPORTED,20.0,15.0,REPORTED
af24a196-d8cf-578d-bb5b-69214690c8b8,white-rose-expansion,White Rose Expansion,Energy & Fuels,Energy infrastructure,NL,Offshore Newfoundland,CONSTRUCTION,2300000000,REPORTED,95.0,15.0,REPORTED
b01e5add-3090-5995-abc4-7c5376ed540b,rose-lithium-tantale,Rose Lithium-Tantale,Mining & Metals,Mining & mineral development,QC,Eeyou Istchee Baie-James,ANNOUNCED,610000000,REPORTED,20.0,15.0,REPORTED
b1650a5d-611d-50be-adcc-a63d6c9ae480,smart-grid-investments-phase,Smart Grid Investments Phase,Clean Energy & Grid,Hydro,NB,Various locations across NB  (St. John),CONSTRUCTION,147000000,REPORTED,95.0,15.0,REPORTED
b1d9d5db-8773-5c36-bd81-20ed146acfe0,vaudreuil-alumina-refinery,Vaudreuil alumina refinery,Mining & Metals,Mining & mineral development,QC,Saguenay-Lac-Saint-Jean,ANNOUNCED,250000000,REPORTED,20.0,15.0,REPORTED
b2a137a8-764c-5e3c-a252-5b2c966eb4ec,jackfish,Jackfish,Energy & Fuels,Energy infrastructure,AB,Regional Municipality of Wood Buffalo (SE of Conklin),ANNOUNCED,750000000,REPORTED,20.0,15.0,REPORTED
b2ba0fb9-27b5-5a17-b683-c5d6e164aef9,mill-modernisation,Mill modernisation,Forestry & Bioeconomy,Forest products,QC,Val-d'Or,CONSTRUCTION,310000000,REPORTED,95.0,15.0,REPORTED
b3572f90-cdfb-5f2d-aba9-15cc930f221c,goldboro-gold,Goldboro Gold,Mining & Metals,Mining & mineral development,NS,Goldboro,ANNOUNCED,271000000,REPORTED,20.0,15.0,REPORTED
b4cac3c0-8376-53f6-8f2d-19318b8bf7ba,tilbury-lng-phase-1b,Tilbury LNG Phase 1B,Energy & Fuels,Energy infrastructure,BC,Delta,ANNOUNCED,60000000,REPORTED,20.0,15.0,REPORTED
b4d5fb72-31a9-51a1-bb07-3898a9616e98,mill-upgrade,Mill upgrade,Forestry & Bioeconomy,Forest products,BC,Castlegar,CONSTRUCTION,50000000,REPORTED,95.0,15.0,REPORTED
b534d4e5-a6cb-513a-a066-273ffee375b8,downtown-vancouver-electricity-supply-west-end-strategic-property-purchase,Downtown Vancouver Electricity Supply - West End Strategic Property Purchase,Energy & Fuels,Energy infrastructure,BC,Vancouver,CONSTRUCTION,81000000,REPORTED,95.0,15.0,REPORTED
b639e79e-2832-57c2-ae4c-6178a87cb079,fording-river-castle-expansion,Fording River Castle Expansion,Mining & Metals,Mining & mineral development,BC,Elkford,ANNOUNCED,2290000000,REPORTED,20.0,15.0,REPORTED
b6c7138c-7731-5109-bc58-d42675e734ef,fort-providence-and-kakisa-transmission-line,Fort Providence and Kakisa Transmission Line,Energy & Fuels,Energy infrastructure,NT,Highway 2/5 juction to Fort Providence,ANNOUNCED,60000000,REPORTED,20.0,15.0,REPORTED
b6d2b9ff-c4bc-5d53-b67d-75708012f5f8,goose-harbour-lake-wind-farm-formerly-pirate-harbour,Goose Harbour Lake Wind Farm (formerly Pirate Harbour),Clean Energy & Grid,Wind,NS,Point Tupper,CONSTRUCTION,450000000,REPORTED,95.0,15.0,REPORTED
b84596fe-3b2d-5258-81d0-25aaaa09cd80,new-ingerbelle,New Ingerbelle,Mining & Metals,Mining & mineral development,BC,70 km WSW of Penticton,ANNOUNCED,167000000,REPORTED,20.0,15.0,REPORTED
b89c7953-3d62-5d2f-8033-ad9ae63789ac,surmont,Surmont,Energy & Fuels,Energy infrastructure,AB,Regional Municipality of Wood Buffalo,ANNOUNCED,6000000000,REPORTED,20.0,15.0,REPORTED
b924cdd0-0eb1-5359-a812-847c3b5ec9f0,taltson-hydroelectricity-expansion-project-phase-1,Taltson Hydroelectricity Expansion Project (Phase 1),Clean Energy & Grid,Hydro,NT,Multiple locations,CONSTRUCTION,1200000000,REPORTED,95.0,15.0,REPORTED
b9df92c4-85b0-5de1-a68b-094d8ecd0156,yellowknife-gold,Yellowknife Gold,Mining & Metals,Mining & mineral development,NT,Yellowknife,ANNOUNCED,193000000,REPORTED,20.0,15.0,REPORTED
baf00447-2db1-5461-898e-98c8618d4428,hackney-hills-wind-park,Hackney Hills Wind Park,Clean Energy & Grid,Wind,BC,Fort St. John,ANNOUNCED,400000000,REPORTED,20.0,15.0,REPORTED
bbc260a1-951a-51db-8779-1028b1cf5e34,stettler-solar-and-battery-storage-project,Stettler Solar and Battery Storage Project,Clean Energy & Grid,Solar,AB,Stettler County No. 6,ANNOUNCED,160000000,REPORTED,20.0,15.0,REPORTED
bc649fac-ac70-5932-b967-978fbe2ba056,aley-niobium-project,Aley Niobium Project,Mining & Metals,Mining & mineral development,BC,Mackenzie,ANNOUNCED,870000000,REPORTED,20.0,15.0,REPORTED
bc7679d6-96c0-522a-b2ef-e30c6274401b,arnaud,Arnaud,Mining & Metals,Mining & mineral development,QC,Sept-Îles,ANNOUNCED,768000000,REPORTED,20.0,15.0,REPORTED
bcb6144e-927a-551c-8442-de206194d452,canada-net-zero-hydrogen-energy-complex,Canada Net-Zero Hydrogen Energy Complex,Energy & Fuels,Energy infrastructure,AB,Strathcona County,CONSTRUCTION,4570000000,REPORTED,95.0,15.0,REPORTED
be38e57c-7693-52dc-b11a-847a9bc51472,rook-i,Rook I,Mining & Metals,Mining & mineral development,SK,175 km N of Michel Village,ANNOUNCED,2209000000,REPORTED,20.0,15.0,REPORTED
becc68fa-2ebf-58f8-83be-25118c870331,island-gold-expansion,Island Gold Expansion,Mining & Metals,Mining & mineral development,ON,Dubreuilville,CONSTRUCTION,627400000,REPORTED,95.0,15.0,REPORTED
c04fefbf-5a2c-55d6-9247-cdc903a36a62,inuvialuit-energy-security-project,Inuvialuit Energy Security Project,Energy & Fuels,Energy infrastructure,NT,17km south of Tuktoyaktuk,CONSTRUCTION,160000000,REPORTED,95.0,15.0,REPORTED
c0e7b955-a1b3-5b67-99d1-1dfc58ade3b1,hammond-reef,Hammond Reef,Mining & Metals,Mining & mineral development,ON,Atikokan,ANNOUNCED,1313000000,REPORTED,20.0,15.0,REPORTED
c1121448-91d8-5716-94cb-a65f8bde908c,houston-project,Houston Project,Mining & Metals,Mining & mineral development,NL,Northwestern Labrador,ANNOUNCED,86800000,REPORTED,20.0,15.0,REPORTED
c12dfd5d-ee71-5e69-9afe-0c11ca979b35,future-energy-park-renewable-natural-gas-and-ethanol-project,Future Energy Park Renewable Natural Gas and Ethanol Project,Clean Energy & Grid,Bioenergy,AB,Calgary,ANNOUNCED,1500000000,REPORTED,20.0,15.0,REPORTED
c251b7a5-a09d-543d-a521-9dca89e6cbb9,higgins-mountain-wind-farm,Higgins Mountain Wind Farm,Clean Energy & Grid,Wind,NS,"Wentworth, NS",CONSTRUCTION,250000000,REPORTED,95.0,15.0,REPORTED
c2e557eb-0f83-54ca-ad26-11ea38d6a5c9,redevelopment-of-coniston-station,Redevelopment of Coniston station,Clean Energy & Grid,Hydro,ON,Sudbury,ANNOUNCED,85000000,REPORTED,20.0,15.0,REPORTED
c2fecd7f-8995-50c0-ac5c-02a062b88d5f,nova-solar-project,Nova Solar Project,Clean Energy & Grid,Bioenergy,AB,Wheatland County,ANNOUNCED,225000000,REPORTED,20.0,15.0,REPORTED
c3316fd6-6ea6-53b4-ab2e-3005c3ea31e2,luna-solar-project,Luna Solar+ Project,Clean Energy & Grid,Solar,AB,Newell County,ANNOUNCED,700000000,REPORTED,20.0,15.0,REPORTED
c3404ae8-b652-58e6-8f00-601f74c42ff3,st-lawrence-fluorspar-mine,St. Lawrence Fluorspar Mine,Mining & Metals,Mining & mineral development,NL,St. Lawrence,ANNOUNCED,125000000,REPORTED,20.0,15.0,REPORTED
c3623e81-0eb6-5218-b292-377762dc871a,robson-valley-hydroelectric-project,Robson Valley Hydroelectric Project,Clean Energy & Grid,Hydro,BC,McBride,ANNOUNCED,200000000,REPORTED,20.0,15.0,REPORTED
c3fe210b-2335-5faf-bcb0-e4fab4983349,slave-lake-bio-mass-gas-to-liquids-plant,Slave Lake Bio-Mass/Gas to Liquids Plant,Clean Energy & Grid,Bioenergy,AB,Lesser Slave River No.124,CONSTRUCTION,35000000,REPORTED,95.0,15.0,REPORTED
c4b4fb2d-7db4-5df5-be29-54f4771a1a21,grouse,Grouse,Energy & Fuels,Energy infrastructure,AB,Hudson Hope,ANNOUNCED,1500000000,REPORTED,20.0,15.0,REPORTED
c52fd041-7952-5cb5-ac37-2c7deec9a721,usine-de-demonstration-de-fabrication-de-briquettes-de-biocarbone,Usine de démonstration de fabrication de briquettes de biocarbone,Forestry & Bioeconomy,Bioenergy,QC,Chicoutimi,CONSTRUCTION,46000000,REPORTED,95.0,15.0,REPORTED
c64ea34a-8298-5b74-9fe3-39be940a3436,baptiste-nickel-decar,Baptiste Nickel (Decar),Mining & Metals,Mining & mineral development,BC,Sparwood,ANNOUNCED,3000000000,REPORTED,20.0,15.0,REPORTED
c77bc5a6-a7a5-54d8-9f8c-4452120dc146,glacier-gas-plant-ccs,Glacier Gas Plant CCS,Clean Energy & Grid,Carbon Capture and Storage,AB,Saddle Hills County,CONSTRUCTION,127000000,REPORTED,95.0,15.0,REPORTED
c80dae32-7d64-5389-b441-6d7ba372a952,martison,Martison,Mining & Metals,Mining & mineral development,ON,70 km NNE of Hearst,ANNOUNCED,2326920000,REPORTED,20.0,15.0,REPORTED
c8a8aec3-89db-5989-baba-093d743887a5,grid-scale-battery-storage,Grid-Scale Battery Storage,Clean Energy & Grid,Energy Storage,YT,Whitehorse,CONSTRUCTION,35000000,REPORTED,95.0,15.0,REPORTED
c9b2997b-2628-56be-9ba4-c0328ec6f993,isle-pierre-wind-farm,Isle Pierre Wind Farm,Clean Energy & Grid,Wind,BC,Prince George,ANNOUNCED,400000000,REPORTED,20.0,15.0,REPORTED
c9fda22a-1239-5e5a-970a-ed89a70f0499,kindersley-lithium-project,Kindersley Lithium Project,Mining & Metals,Mining & mineral development,SK,30 km north of Kindersley,ANNOUNCED,447320000,REPORTED,20.0,15.0,REPORTED
ca5d98c2-4211-59c9-8fc4-77761cb940cd,tenas-coal-project,Tenas Coal Project,Mining & Metals,Mining & mineral development,BC,Smithers,ANNOUNCED,82000000,REPORTED,20.0,15.0,REPORTED
ca8620af-e34b-55bd-9340-8be451cc1606,renovation-de-groupes-a-la-centrale-electrique-beauharnois,Rénovation de groupes à la centrale électrique Beauharnois,Clean Energy & Grid,Hydro,QC,Beauharnois,CONSTRUCTION,1600000000,REPORTED,95.0,15.0,REPORTED
ccb11158-de58-5128-b94a-aa1815156929,lewis,Lewis,Energy & Fuels,Energy infrastructure,AB,Regional Municipality of Wood Buffalo,ANNOUNCED,6200000000,REPORTED,20.0,15.0,REPORTED
ccbb3e4f-88bd-50f2-a1a5-5131cfd4d465,kruger-kamloops-pulp-mill-upgrade,Kruger Kamloops Pulp Mill Upgrade,Forestry & Bioeconomy,Forest products,BC,Kamloops,ANNOUNCED,32000000,REPORTED,20.0,15.0,REPORTED
cd32fdeb-94d8-5ebb-9774-d76a5d2e0632,siwash-elk-gold-mine,Siwash/Elk Gold Mine,Mining & Metals,Mining & mineral development,BC,Merritt,ANNOUNCED,100000000,REPORTED,20.0,15.0,REPORTED
cdd68b4f-6d7f-5c18-befb-b29eb1639f0c,anahim-lake-solar-project,Anahim Lake Solar Project,Clean Energy & Grid,Solar,BC,Anahim Lake,CONSTRUCTION,30000000,REPORTED,95.0,15.0,REPORTED
cec7fbd5-a5a6-5d78-9e2c-b5afbc41605f,cedar-lng,Cedar LNG,Energy & Fuels,Energy infrastructure,BC,Kitimat,ANNOUNCED,4000000000,REPORTED,20.0,15.0,REPORTED
cf618917-7016-5c63-8236-42bbe6cb27a7,mactung-tungsten,MacTung (tungsten),Mining & Metals,Mining & mineral development,YT,390 km northeast of Whitehorse,ANNOUNCED,402000000,REPORTED,20.0,15.0,REPORTED
d0838a97-4152-5462-8798-acb18307cfe2,amelioration-de-la-competitivite-de-l-usine,Amélioration de la compétitivité de l'usine,Forestry & Bioeconomy,Forest products,QC,Windsor,CONSTRUCTION,56400000,REPORTED,95.0,15.0,REPORTED
d0cff623-f3d1-5e95-a55e-b84a102227fd,pakeagama-lake,Pakeagama Lake,Mining & Metals,Mining & mineral development,ON,180 km NNE of Red Lake,ANNOUNCED,943000000,REPORTED,20.0,15.0,REPORTED
d1475d41-a57f-502c-98e4-e6ca7fe2397a,ekati-misery-deep,Ekati (Misery Deep),Mining & Metals,Mining & mineral development,NT,Ekati Mine,ANNOUNCED,126720000,REPORTED,20.0,15.0,REPORTED
d2277504-deb2-58e5-a496-6f08ac259356,georgia-lake,Georgia Lake,Mining & Metals,Mining & mineral development,ON,150 km NE of Thunder Bay,ANNOUNCED,249900000,REPORTED,20.0,15.0,REPORTED
d2815778-3d5a-56fc-a519-1447e2e6f79e,kearl-oil-sand-in-pit-tailings-project,Kearl Oil Sand In-Pit Tailings Project,Energy & Fuels,Energy infrastructure,AB,Wood Buffalo,CONSTRUCTION,750000000,REPORTED,95.0,15.0,REPORTED
d3313b57-a464-52c6-b0e9-aa7ced3e665a,black-point-aggregate-project,Black Point Aggregate Project,Mining & Metals,Mining & mineral development,NS,Guysborough County,ANNOUNCED,131570000,REPORTED,20.0,15.0,REPORTED
d34e43a8-0206-5cfb-b473-aa42fc64a307,biomass-project-anahim-lake,Biomass Project - Anahim Lake,Clean Energy & Grid,Bioenergy,BC,"Cariboo, Anahim Lake",ANNOUNCED,15000000,REPORTED,20.0,15.0,REPORTED
d3653066-17bb-5615-857f-ee484f0a326b,innisfail-waste-to-energy-project,Innisfail Waste to Energy Project,Clean Energy & Grid,Bioenergy,AB,Innisfail,ANNOUNCED,200000000,REPORTED,20.0,15.0,REPORTED
d3d90c21-0830-57e3-807d-9cb3e4b0f0ae,horne-5,Horne 5,Mining & Metals,Mining & mineral development,QC,Rouyn-Noranda,ANNOUNCED,1080000000,REPORTED,20.0,15.0,REPORTED
d4644ba5-253d-5648-bdaf-62792e268cf1,prairie-lithium-project,Prairie Lithium Project,Mining & Metals,Mining & mineral development,SK,40 km west of Estevan,CONSTRUCTION,454000000,REPORTED,95.0,15.0,REPORTED
d56dc44f-e348-5487-89c2-6ebd610208a2,kudz-ze-kayah,Kudz Ze Kayah,Mining & Metals,Mining & mineral development,YT,115 km southeast of Ross River,ANNOUNCED,647000000,REPORTED,20.0,15.0,REPORTED
d595fc98-1f68-58b0-a9b6-3a27568ae00d,groundhog-project-anthracite-coal-mine,Groundhog Project Anthracite Coal Mine,Mining & Metals,Mining & mineral development,BC,Smithers Area,ANNOUNCED,600000000,REPORTED,20.0,15.0,REPORTED
d5ccbcc3-28ae-5086-8a82-6845d5fd117f,redevelopment-of-the-calabogie-site,Redevelopment of the Calabogie site,Clean Energy & Grid,Hydro,ON,Greater Madawaska,CONSTRUCTION,137000000,REPORTED,95.0,15.0,REPORTED
d5e7f721-9190-5166-824b-cbdab3b8850a,port-alberni-lng-export-facility,Port Alberni LNG Export Facility,Energy & Fuels,Energy infrastructure,BC,Port Alberni,ANNOUNCED,1600000000,REPORTED,20.0,15.0,REPORTED
d860e6cb-48aa-5843-b762-729b9a1c095d,dolcy-solar-project,Dolcy Solar Project,Clean Energy & Grid,Solar,AB,Wainwright No. 61,ANNOUNCED,275000000,REPORTED,20.0,15.0,REPORTED
d92725a4-f6d1-5e8d-ac19-f78c6892fbac,taylor-wind-project,Taylor Wind Project,Clean Energy & Grid,Wind,BC,Taylor,ANNOUNCED,600000000,REPORTED,20.0,15.0,REPORTED
d93d6c9e-6d6a-51bb-813e-e51acfb5e774,saf-consortium,SAF Consortium,Clean Energy & Grid,Bioenergy,QC,Montreal,ANNOUNCED,200000000,REPORTED,20.0,15.0,REPORTED
d9775748-6c5b-5832-8e74-7d05a43430f2,creekside-solar-project-fortis-buford-538s-der-solar,Creekside Solar Project (Fortis Buford 538S DER Solar),Clean Energy & Grid,Solar,AB,Leduc County,ANNOUNCED,43000000,REPORTED,20.0,15.0,REPORTED
da523a49-e488-52ba-a452-f7c7a2a07042,tower-gold-formerly-garrison-golden-highway,Tower Gold (formerly Garrison/Golden Highway),Mining & Metals,Mining & mineral development,ON,110 km E of Timmins,ANNOUNCED,1627000000,REPORTED,20.0,15.0,REPORTED
dbecb1be-142d-5abd-9d10-43e8b035cac2,agrandissement-usine-d-ethanol-a-varennes,Agrandissement usine d'éthanol à Varennes,Clean Energy & Grid,Bioenergy,QC,Varennes,ANNOUNCED,120000000,REPORTED,20.0,15.0,REPORTED
dcb08744-11a0-53a2-9b26-d02dba66a1fb,modernisation-et-achats-de-nouveaux-equipements,Modernisation et achats de nouveaux équipements,Forestry & Bioeconomy,Forest products,QC,Thurso,CONSTRUCTION,30100000,REPORTED,95.0,15.0,REPORTED
dd31faa3-cc5b-58ea-b4e2-a136a338b643,spanish-mountain-copper-gold-mines,Spanish Mountain Copper-Gold Mines,Mining & Metals,Mining & mineral development,BC,Williams Lake,ANNOUNCED,1250000000,REPORTED,20.0,15.0,REPORTED
dd776523-8e35-5237-b0a8-51fbada09b89,premier-gold-project,Premier Gold Project,Mining & Metals,Mining & mineral development,BC,Stewart,ANNOUNCED,224000000,REPORTED,20.0,15.0,REPORTED
ded62853-3f02-5831-beb1-ab7c53ddb81c,onaping-depth,Onaping Depth,Mining & Metals,Mining & mineral development,ON,Sudbury,CONSTRUCTION,1300000000,REPORTED,95.0,15.0,REPORTED
df046466-747f-5069-adba-ff48bf9d6b3a,crawford-nickel-project,Crawford Nickel Project,Critical Minerals,Nickel-Cobalt Mine and Mill,ON,Approximately 42 km north of Timmins,PERMITTING,,UNKNOWN,72.5,30.0,VERIFIED
e0c5d893-5f93-5f60-a187-84caf7d69318,trail-road-bess,Trail Road BESS,Clean Energy & Grid,Energy Storage,ON,Ottawa,ANNOUNCED,350000000,REPORTED,20.0,15.0,REPORTED
e0f3dbe0-90b6-5ead-9582-e547d3bbc6cb,great-atlantic-salt-project,Great Atlantic Salt Project,Mining & Metals,Mining & mineral development,NL,St. Georges,ANNOUNCED,480000000,REPORTED,20.0,15.0,REPORTED
e188b0a8-c8bb-5c9a-8eeb-2045d2c0b39e,lakelse-geothermal-power-plant,Lakelse Geothermal Power Plant,Clean Energy & Grid,Bioenergy,BC,Terrace,ANNOUNCED,120000000,REPORTED,20.0,15.0,REPORTED
e1c6b853-70b8-5bad-963f-dcbb9eff5f07,saa-se-solar-beaver-creek,Saa Sè Solar Beaver Creek,Clean Energy & Grid,Solar,YT,Beaver Creek,CONSTRUCTION,19000000,REPORTED,95.0,15.0,REPORTED
e238c017-9a72-512f-8082-ae3e381b712d,wanipigow,Wanipigow,Mining & Metals,Mining & mineral development,MB,Wanipigow,ANNOUNCED,133699999,REPORTED,20.0,15.0,REPORTED
e35f3d8e-6701-5c09-a0aa-a88a6a5a58ce,the-elysis-joint-venture,The Elysis joint venture,Mining & Metals,Mining & mineral development,QC,Saguenay-Lac-Saint-Jean,ANNOUNCED,375000000,REPORTED,20.0,15.0,REPORTED
e39304e3-742b-5568-955d-d152754e1f7b,crevier,Crevier,Mining & Metals,Mining & mineral development,QC,Rivière-Mistassini,ANNOUNCED,330000000,REPORTED,20.0,15.0,REPORTED
e44c89a6-691e-50f9-8607-5763fa3962d1,conversion-de-l-usine-pour-production-de-biocharbon,Conversion de l'usine pour production de biocharbon,Forestry & Bioeconomy,Bioenergy,QC,Thurso (Gatineau),CONSTRUCTION,96000000,REPORTED,95.0,15.0,REPORTED
e67af3bd-2290-50da-93ce-34c7c1e24913,contrecoeur-port-terminal-expansion-project,Contrecœur Port Terminal Expansion Project,Transportation & Ports,Container Port Terminal,QC,"Contrecœur, approximately 40 km northeast of Montreal",UNKNOWN,,UNKNOWN,0.0,0.0,VERIFIED
e70785d9-2073-50f8-bbf8-8fc57d2d0915,hinton-pulp-mill-expansion,Hinton Pulp Mill Expansion,Forestry & Bioeconomy,Forest products,AB,Hinton,ANNOUNCED,584000000,REPORTED,20.0,15.0,REPORTED
e79ff054-1024-583c-bb29-03c553db9aa4,lynn-lake-gordon-site-maclellan-site,Lynn Lake (Gordon site + MacLellan Site),Mining & Metals,Mining & mineral development,MB,Lynn Lake (Gordon site),CONSTRUCTION,842400000,REPORTED,95.0,15.0,REPORTED
e7de4d81-00ea-5c52-b57c-94578c0cfc1e,prairie-creek,Prairie Creek,Mining & Metals,Mining & mineral development,NT,"Dehcho, 170 km of Fort Simpson",ANNOUNCED,474000000,REPORTED,20.0,15.0,REPORTED
e87204ea-7d42-5cbd-82ba-b8db1c3bb008,uatnan,Uatnan,Mining & Metals,Mining & mineral development,QC,Rivière-aux-Outardes,ANNOUNCED,1417000000,REPORTED,20.0,15.0,REPORTED
e8f95f0c-b898-5fda-b3f3-6c08d795fc6a,mill-modernization-and-upgrade,Mill modernization and upgrade,Forestry & Bioeconomy,Forest products,NB,Doaktown,CONSTRUCTION,35000000,REPORTED,95.0,15.0,REPORTED
e909b12c-38b9-5508-9c57-473f0873ed84,g-m-shrum-units-1-to-10-control-systems-upgrade-project,G.M. Shrum Units 1 to 10 Control Systems Upgrade Project,Energy & Fuels,Energy infrastructure,BC,Hudson Hope,CONSTRUCTION,75000000,REPORTED,95.0,15.0,REPORTED
e95a9386-5708-56e1-a83d-6821c71b3df3,aosp-jackpine,AOSP Jackpine,Energy & Fuels,Energy infrastructure,AB,Fort McMurray,ANNOUNCED,12000000000,REPORTED,20.0,15.0,REPORTED
e95ab221-be69-524b-aa96-9c94e2427bae,porcupine-complex-pamour,Porcupine Complex (Pamour),Mining & Metals,Mining & mineral development,ON,"8 km NE of South Porcupine, Ontario",ANNOUNCED,314200000,REPORTED,20.0,15.0,REPORTED
e9a2013d-705e-5733-91bc-c9cb0a401116,goreway-bess,Goreway BESS,Clean Energy & Grid,Energy Storage,ON,Brampton,ANNOUNCED,161000000,REPORTED,20.0,15.0,REPORTED
e9d522df-fcea-50c1-bc92-bab4060f6046,hagersville-battery-energy-storage-park,Hagersville Battery Energy Storage Park,Clean Energy & Grid,Energy Storage,ON,Hagersville,ANNOUNCED,538000000,REPORTED,20.0,15.0,REPORTED
e9d68d38-3c61-5cdd-bfd4-c2ea25ba4f99,star-orion-diamond-project,Star-Orion Diamond Project,Mining & Metals,Mining & mineral development,SK,Prince Albert,ANNOUNCED,1408770000,REPORTED,20.0,15.0,REPORTED
ea258753-f54b-5e4e-ab23-d408cea7f3ab,atlin-hydro-expansion-project,Atlin Hydro Expansion project,Clean Energy & Grid,Hydro,BC,Atlin,ANNOUNCED,315000000,REPORTED,20.0,15.0,REPORTED
eac95733-c0d1-5270-bc14-f76939da6552,tilbury-marine-jetty,Tilbury Marine Jetty,Energy & Fuels,Energy infrastructure,BC,Delta,ANNOUNCED,175000000,REPORTED,20.0,15.0,REPORTED
ebe34f57-da4e-54b5-9a25-e09164488433,goliath-complex,Goliath Complex,Mining & Metals,Mining & mineral development,ON,Dryden,ANNOUNCED,335000000,REPORTED,20.0,15.0,REPORTED
eed7b389-a493-57c1-8406-6985b0bc04b2,jonquiere-refinery,Jonquiere Refinery,Mining & Metals,Mining & mineral development,QC,Jonquiere,ANNOUNCED,1400000000,REPORTED,20.0,15.0,REPORTED
efc4cdb3-f702-53a7-b7d8-a9678a28e7d2,little-narrows-gypsum,Little Narrows Gypsum,Mining & Metals,Mining & mineral development,NS,Victoria County,ANNOUNCED,104000000,REPORTED,20.0,15.0,REPORTED
efdde755-3dae-5b3a-a79c-545f7cebdcbd,projets-d-investissements-2022-2026,Projets d'investissements 2022-2026,Forestry & Bioeconomy,Forest products,QC,Saint-Georges-de-Beauce,CONSTRUCTION,57100000,REPORTED,95.0,15.0,REPORTED
f02c7966-1b82-5312-9d94-e56137161e22,ksi-lisims-lng,Ksi Lisims LNG,Energy & Fuels,Energy infrastructure,BC,Nasoga Gulf,ANNOUNCED,10000000000,REPORTED,20.0,15.0,REPORTED
f03c6bd1-e2e3-5d81-95ea-2dcdcdc1f923,whabouchi,Whabouchi,Mining & Metals,Mining & mineral development,QC,Eeyou Istchee Baie-James,CONSTRUCTION,1268000000,REPORTED,95.0,15.0,REPORTED
f0bffd8c-ad09-54bb-8360-303ea6e16ff3,wicheeda,Wicheeda,Mining & Metals,Mining & mineral development,BC,McLeod Lake,ANNOUNCED,2017000000,REPORTED,20.0,15.0,REPORTED
f10c50b8-9079-5923-8544-a37338531692,apuiat-wind-farm,Apuiat Wind Farm,Clean Energy & Grid,Wind,QC,MRC de Sept-Rivières,CONSTRUCTION,608000000,REPORTED,95.0,15.0,REPORTED
f15218c2-3cce-5862-8b26-e28631d2b14b,moon-lake-solar-project,Moon Lake Solar Project,Clean Energy & Grid,Solar,AB,Parkland County,CONSTRUCTION,43000000,REPORTED,95.0,15.0,REPORTED
f2e308dd-888b-5652-9d5e-f4faf3b72ddc,lamaque-lower-triangle,Lamaque - Lower Triangle,Mining & Metals,Mining & mineral development,QC,Val-d'Or,ANNOUNCED,118400000,REPORTED,20.0,15.0,REPORTED
f38185b5-6de1-5eb3-bad5-e675d87d1673,blackgold-oil-sands-project,BlackGold Oil Sands Project,Energy & Fuels,Energy infrastructure,AB,Regional Municipality of Wood Buffalo (SE of Conklin),ANNOUNCED,900000000,REPORTED,20.0,15.0,REPORTED
f5c75191-01c6-5165-b2ef-987dae56ed22,skinners-pond-wind-energy-centre,Skinners Pond Wind Energy Centre,Clean Energy & Grid,Wind,PE,Sherbrooke; Tignish,ANNOUNCED,85000000,REPORTED,20.0,15.0,REPORTED
f5d0e196-6a85-54ba-92ba-cb1e533432ca,nilhts-i-ecoener-project,Nilhts'i Ecoener Project ,Clean Energy & Grid,Wind,BC,Hixon,ANNOUNCED,425000000,REPORTED,20.0,15.0,REPORTED
f5e46a7a-36d8-52c8-8969-120ceb974d10,brompton-paper-upgrade,Brompton paper upgrade,Forestry & Bioeconomy,Forest products,QC,Sherbrooke,CONSTRUCTION,397000000,REPORTED,95.0,15.0,REPORTED
f69542c3-7876-523c-8f87-37c22a89dc81,wasamac,Wasamac,Mining & Metals,Mining & mineral development,QC,Rouyn-Noranda,ANNOUNCED,533000000,REPORTED,20.0,15.0,REPORTED
f6ad3187-104b-5e10-b60d-4128fc88a1f5,pike-formely-kirby,Pike (Formely Kirby),Energy & Fuels,Energy infrastructure,AB,Lac la Biche County,CONSTRUCTION,7700000000,REPORTED,95.0,15.0,REPORTED
f6c26f85-1485-5aa2-bbbb-ded3db6c0841,mill-improvement,Mill improvement,Forestry & Bioeconomy,Forest products,BC,Castlegar,ANNOUNCED,35000000,REPORTED,20.0,15.0,REPORTED
f8c6b4e4-d251-543e-9114-c2f30792a44d,grassy-point-lng,Grassy Point LNG,Energy & Fuels,Energy infrastructure,NL,Grassy Point,ANNOUNCED,10000000000,REPORTED,20.0,15.0,REPORTED
fc504dfe-6485-5efc-9c4c-73b11dd0ea9f,lng-canada-phase-2,LNG Canada Phase 2,Energy & Fuels,Energy infrastructure,BC,Kitimat,ANNOUNCED,25000000000,REPORTED,20.0,15.0,REPORTED
fc8bb1b7-aaf3-5401-a3ec-9281d6fe2fe4,mayo-hydro-faciltity-upgrades,Mayo hydro faciltity upgrades,Clean Energy & Grid,Hydro,YT,Mayo,ANNOUNCED,200000000,REPORTED,20.0,15.0,REPORTED
fcdae9a0-0a74-5414-9b6b-d8401bfa4a26,lac-knife,Lac Knife,Mining & Metals,Mining & mineral development,QC,Rivière-Mouchalagane,ANNOUNCED,236500000,REPORTED,20.0,15.0,REPORTED
fd70adad-2f62-5b4b-a8ce-2032dd6a993a,enmax-substation-no-1,Enmax Substation No. 1,Energy & Fuels,Energy infrastructure,AB,Calgary,CONSTRUCTION,207000000,REPORTED,95.0,15.0,REPORTED
